file_name;key_repr
xortool_out/000.out;b'u'
xortool_out/001.out;b't'
xortool_out/002.out;b'w'
xortool_out/003.out;b'v'
xortool_out/004.out;b'q'
xortool_out/005.out;b'p'
xortool_out/006.out;b's'
xortool_out/007.out;b'r'
xortool_out/008.out;b'}'
xortool_out/009.out;b'|'
xortool_out/010.out;b'\x7f'
xortool_out/011.out;b'~'
xortool_out/012.out;b'y'
xortool_out/013.out;b'x'
xortool_out/014.out;b'{'
xortool_out/015.out;b'z'
xortool_out/016.out;b'e'
xortool_out/017.out;b'd'
xortool_out/018.out;b'g'
xortool_out/019.out;b'f'
xortool_out/020.out;b'a'
xortool_out/021.out;b'`'
xortool_out/022.out;b'c'
xortool_out/023.out;b'b'
xortool_out/024.out;b'm'
xortool_out/025.out;b'l'
xortool_out/026.out;b'o'
xortool_out/027.out;b'n'
xortool_out/028.out;b'i'
xortool_out/029.out;b'h'
xortool_out/030.out;b'k'
xortool_out/031.out;b'j'
xortool_out/032.out;b'U'
xortool_out/033.out;b'T'
xortool_out/034.out;b'W'
xortool_out/035.out;b'V'
xortool_out/036.out;b'Q'
xortool_out/037.out;b'P'
xortool_out/038.out;b'S'
xortool_out/039.out;b'R'
xortool_out/040.out;b']'
xortool_out/041.out;b'\\'
xortool_out/042.out;b'_'
xortool_out/043.out;b'^'
xortool_out/044.out;b'Y'
xortool_out/045.out;b'X'
xortool_out/046.out;b'['
xortool_out/047.out;b'Z'
xortool_out/048.out;b'E'
xortool_out/049.out;b'D'
xortool_out/050.out;b'G'
xortool_out/051.out;b'F'
xortool_out/052.out;b'A'
xortool_out/053.out;b'@'
xortool_out/054.out;b'C'
xortool_out/055.out;b'B'
xortool_out/056.out;b'M'
xortool_out/057.out;b'L'
xortool_out/058.out;b'O'
xortool_out/059.out;b'N'
xortool_out/060.out;b'I'
xortool_out/061.out;b'H'
xortool_out/062.out;b'K'
xortool_out/063.out;b'J'
xortool_out/064.out;b'5'
xortool_out/065.out;b'4'
xortool_out/066.out;b'7'
xortool_out/067.out;b'6'
xortool_out/068.out;b'1'
xortool_out/069.out;b'0'
xortool_out/070.out;b'3'
xortool_out/071.out;b'2'
xortool_out/072.out;b'='
xortool_out/073.out;b'<'
xortool_out/074.out;b'?'
xortool_out/075.out;b'>'
xortool_out/076.out;b'9'
xortool_out/077.out;b'8'
xortool_out/078.out;b';'
xortool_out/079.out;b':'
xortool_out/080.out;b'%'
xortool_out/081.out;b'$'
xortool_out/082.out;b"'"
xortool_out/083.out;b'&'
xortool_out/084.out;b'!'
xortool_out/085.out;b' '
xortool_out/086.out;b'#'
xortool_out/087.out;b'"'
xortool_out/088.out;b'-'
xortool_out/089.out;b','
xortool_out/090.out;b'/'
xortool_out/091.out;b'.'
xortool_out/092.out;b')'
xortool_out/093.out;b'('
xortool_out/094.out;b'+'
xortool_out/095.out;b'*'
xortool_out/096.out;b'\x15'
xortool_out/097.out;b'\x14'
xortool_out/098.out;b'\x17'
xortool_out/099.out;b'\x16'
xortool_out/100.out;b'\x11'
xortool_out/101.out;b'\x10'
xortool_out/102.out;b'\x13'
xortool_out/103.out;b'\x12'
xortool_out/104.out;b'\x1d'
xortool_out/105.out;b'\x1c'
xortool_out/106.out;b'\x1f'
xortool_out/107.out;b'\x1e'
xortool_out/108.out;b'\x19'
xortool_out/109.out;b'\x18'
xortool_out/110.out;b'\x1b'
xortool_out/111.out;b'\x1a'
xortool_out/112.out;b'\x05'
xortool_out/113.out;b'\x04'
xortool_out/114.out;b'\x07'
xortool_out/115.out;b'\x06'
xortool_out/116.out;b'\x01'
xortool_out/117.out;b'\x00'
xortool_out/118.out;b'\x03'
xortool_out/119.out;b'\x02'
xortool_out/120.out;b'\r'
xortool_out/121.out;b'\x0c'
xortool_out/122.out;b'\x0f'
xortool_out/123.out;b'\x0e'
xortool_out/124.out;b'\t'
xortool_out/125.out;b'\x08'
xortool_out/126.out;b'\x0b'
xortool_out/127.out;b'\n'
xortool_out/128.out;b'\xf5'
xortool_out/129.out;b'\xf4'
xortool_out/130.out;b'\xf7'
xortool_out/131.out;b'\xf6'
xortool_out/132.out;b'\xf1'
xortool_out/133.out;b'\xf0'
xortool_out/134.out;b'\xf3'
xortool_out/135.out;b'\xf2'
xortool_out/136.out;b'\xfd'
xortool_out/137.out;b'\xfc'
xortool_out/138.out;b'\xff'
xortool_out/139.out;b'\xfe'
xortool_out/140.out;b'\xf9'
xortool_out/141.out;b'\xf8'
xortool_out/142.out;b'\xfb'
xortool_out/143.out;b'\xfa'
xortool_out/144.out;b'\xe5'
xortool_out/145.out;b'\xe4'
xortool_out/146.out;b'\xe7'
xortool_out/147.out;b'\xe6'
xortool_out/148.out;b'\xe1'
xortool_out/149.out;b'\xe0'
xortool_out/150.out;b'\xe3'
xortool_out/151.out;b'\xe2'
xortool_out/152.out;b'\xed'
xortool_out/153.out;b'\xec'
xortool_out/154.out;b'\xef'
xortool_out/155.out;b'\xee'
xortool_out/156.out;b'\xe9'
xortool_out/157.out;b'\xe8'
xortool_out/158.out;b'\xeb'
xortool_out/159.out;b'\xea'
xortool_out/160.out;b'\xd5'
xortool_out/161.out;b'\xd4'
xortool_out/162.out;b'\xd7'
xortool_out/163.out;b'\xd6'
xortool_out/164.out;b'\xd1'
xortool_out/165.out;b'\xd0'
xortool_out/166.out;b'\xd3'
xortool_out/167.out;b'\xd2'
xortool_out/168.out;b'\xdd'
xortool_out/169.out;b'\xdc'
xortool_out/170.out;b'\xdf'
xortool_out/171.out;b'\xde'
xortool_out/172.out;b'\xd9'
xortool_out/173.out;b'\xd8'
xortool_out/174.out;b'\xdb'
xortool_out/175.out;b'\xda'
xortool_out/176.out;b'\xc5'
xortool_out/177.out;b'\xc4'
xortool_out/178.out;b'\xc7'
xortool_out/179.out;b'\xc6'
xortool_out/180.out;b'\xc1'
xortool_out/181.out;b'\xc0'
xortool_out/182.out;b'\xc3'
xortool_out/183.out;b'\xc2'
xortool_out/184.out;b'\xcd'
xortool_out/185.out;b'\xcc'
xortool_out/186.out;b'\xcf'
xortool_out/187.out;b'\xce'
xortool_out/188.out;b'\xc9'
xortool_out/189.out;b'\xc8'
xortool_out/190.out;b'\xcb'
xortool_out/191.out;b'\xca'
xortool_out/192.out;b'\xb5'
xortool_out/193.out;b'\xb4'
xortool_out/194.out;b'\xb7'
xortool_out/195.out;b'\xb6'
xortool_out/196.out;b'\xb1'
xortool_out/197.out;b'\xb0'
xortool_out/198.out;b'\xb3'
xortool_out/199.out;b'\xb2'
xortool_out/200.out;b'\xbd'
xortool_out/201.out;b'\xbc'
xortool_out/202.out;b'\xbf'
xortool_out/203.out;b'\xbe'
xortool_out/204.out;b'\xb9'
xortool_out/205.out;b'\xb8'
xortool_out/206.out;b'\xbb'
xortool_out/207.out;b'\xba'
xortool_out/208.out;b'\xa5'
xortool_out/209.out;b'\xa4'
xortool_out/210.out;b'\xa7'
xortool_out/211.out;b'\xa6'
xortool_out/212.out;b'\xa1'
xortool_out/213.out;b'\xa0'
xortool_out/214.out;b'\xa3'
xortool_out/215.out;b'\xa2'
xortool_out/216.out;b'\xad'
xortool_out/217.out;b'\xac'
xortool_out/218.out;b'\xaf'
xortool_out/219.out;b'\xae'
xortool_out/220.out;b'\xa9'
xortool_out/221.out;b'\xa8'
xortool_out/222.out;b'\xab'
xortool_out/223.out;b'\xaa'
xortool_out/224.out;b'\x95'
xortool_out/225.out;b'\x94'
xortool_out/226.out;b'\x97'
xortool_out/227.out;b'\x96'
xortool_out/228.out;b'\x91'
xortool_out/229.out;b'\x90'
xortool_out/230.out;b'\x93'
xortool_out/231.out;b'\x92'
xortool_out/232.out;b'\x9d'
xortool_out/233.out;b'\x9c'
xortool_out/234.out;b'\x9f'
xortool_out/235.out;b'\x9e'
xortool_out/236.out;b'\x99'
xortool_out/237.out;b'\x98'
xortool_out/238.out;b'\x9b'
xortool_out/239.out;b'\x9a'
xortool_out/240.out;b'\x85'
xortool_out/241.out;b'\x84'
xortool_out/242.out;b'\x87'
xortool_out/243.out;b'\x86'
xortool_out/244.out;b'\x81'
xortool_out/245.out;b'\x80'
xortool_out/246.out;b'\x83'
xortool_out/247.out;b'\x82'
xortool_out/248.out;b'\x8d'
xortool_out/249.out;b'\x8c'
xortool_out/250.out;b'\x8f'
xortool_out/251.out;b'\x8e'
xortool_out/252.out;b'\x89'
xortool_out/253.out;b'\x88'
xortool_out/254.out;b'\x8b'
xortool_out/255.out;b'\x8a'
